lamp 0,"[-0.40607020258903503, 0.08616630733013153, -1.2447378635406494, -0.2062242329120636, 3.087230920791626, 1.895443320274353, 0.6126524209976196, 0.00699564628303051, -0.2283482849597931, 0.6366481781005859, 0.11230318993330002, 0.22033044695854187, 0.3254728615283966, 1.1421079635620117, -0.09629397839307785, 0.611977219581604, -1.7119557857513428, -0.485262006521225, -0.1328141838312149, 0.36282920837402344, 1.1325246095657349, 0.7438349723815918, -0.23228740692138672, -0.2210123986005783, -1.032250165939331, -0.5158897638320923, 1.1516958475112915, 0.43521884083747864, 0.8399377465248108, -6.155716896057129, 0.1130838692188263, -0.009436726570129395, -0.7434786558151245, 0.47626993060112, 0.6205503344535828, -0.20342913269996643, -0.15142084658145905, 1.2208634614944458, 5.320703029632568, 0.7711338400840759, -0.9154632687568665, -1.9368360042572021, 1.3225122690200806, -0.13735559582710266, 0.09896582365036011, 1.8168367147445679, 1.1346490383148193, 1.1405744552612305, -0.2967741787433624, 1.0847411155700684, 0.14853304624557495, -0.3199869692325592, 0.12577427923679352, 2.921884536743164, -3.896408796310425, 0.9041481018066406, 0.18745650351047516, 0.007327098399400711, 0.027395080775022507, 2.687476396560669, -0.5975385308265686, -0.6811067461967468, 1.1730042695999146, -6.294234275817871, 1.3533109426498413, 1.311253309249878, 2.0613837242126465, -4.80580997467041, 0.1133403331041336, -0.251996248960495, -0.13791616261005402, 0.07751362770795822, 0.31816479563713074, -0.5647348165512085, -0.7665075659751892, 2.1115643978118896, -0.42119458317756653, 0.11263010650873184, -0.6831254959106445, -6.075594425201416, 0.6721093654632568, 0.33351510763168335, 0.18444113433361053, 0.896740198135376, -0.08725303411483765, 1.2458335161209106, 0.5857962369918823, -0.8480285406112671, -1.0401644706726074, 0.5000972151756287, -0.28498098254203796, -0.207606241106987, -1.1963032484054565, 0.7507340908050537, -0.17087315022945404, -0.26165589690208435, 1.5726805925369263, 1.6411305665969849, 0.08472401648759842, 0.19399777054786682, -3.419583320617676, -0.4722370505332947, -1.4017037153244019, -0.30846327543258667, -0.29167747497558594, -0.6918802261352539, -2.889169692993164, 0.7035461664199829, -11.843295097351074, -0.026036947965621948, 0.8623550534248352, 0.8318625688552856, -0.3264435827732086, -4.895473957061768, 0.728595495223999, -0.8258237838745117, -0.030697248876094818, 0.18336258828639984, -0.8610261678695679, 1.224690556526184, -1.253175973892212, 1.1317288875579834, -0.2966788411140442, -1.111565113067627, -0.11643358319997787, 0.2989594340324402, 0.19900470972061157, -1.1289860010147095]"
lamp 1,"[-0.4303719699382782, -0.0044856444001197815, 0.8518407940864563, 0.3808435797691345, 1.8536880016326904, 0.7453356385231018, 0.16429078578948975, 0.5222166776657104, -0.6077407598495483, 0.07343371212482452, -0.0016310922801494598, -0.26464587450027466, -0.6641921997070312, 0.1864997148513794, 0.5333728194236755, 0.3917788565158844, -1.1312384605407715, -0.8681979775428772, 1.078046202659607, -0.008723157458007336, 0.609443187713623, 7.299400806427002, -0.668228805065155, -2.0806820392608643, -1.1115459203720093, -1.0648239850997925, 0.9778672456741333, -0.42928335070610046, -1.4160947799682617, 3.594449996948242, 1.0868414640426636, 0.7667944431304932, 0.35093674063682556, 0.17506283521652222, 1.1560280323028564, 0.9556068181991577, -0.8192983269691467, 0.21998116374015808, 3.8564400672912598, -0.06626428663730621, -0.22799977660179138, -4.706672668457031, 1.4447184801101685, 1.1093958616256714, 0.010628148913383484, -1.7431564331054688, -0.3965601921081543, 4.038061618804932, -0.12920159101486206, -0.7511885166168213, 0.5558009147644043, -0.07481850683689117, 1.8563780784606934, -2.810666561126709, -1.2737910747528076, -2.791247844696045, 0.6887785196304321, -0.7220970392227173, -0.4000164270401001, -0.5299113988876343, -0.006225842982530594, 0.02790382131934166, -0.22594499588012695, -0.3704519271850586, -1.5101573467254639, -0.6218826770782471, 4.788275241851807, -4.75302791595459, -0.7444223761558533, 0.8667345643043518, -0.712005615234375, 0.42218586802482605, 0.8288448452949524, 0.8833858370780945, -0.46223336458206177, -2.778656482696533, -0.7768346667289734, 2.5662059783935547, 0.9010620713233948, -3.010646104812622, 1.5983556509017944, -0.662855863571167, -0.9198480844497681, 0.2002565562725067, -0.17252139747142792, 0.04270463436841965, 0.9837784171104431, -0.9180490374565125, -8.143547058105469, -1.4458616971969604, -0.002540692687034607, -0.9597223401069641, 0.4374653398990631, -0.5855043530464172, 0.392533540725708, -1.856137990951538, -0.8623623847961426, -1.4851529598236084, -0.040740031749010086, -0.06662838160991669, 1.1263213157653809, 1.1091241836547852, -9.323132514953613, -1.329063892364502, 7.591105937957764, -0.4178086221218109, 1.009263515472412, -2.1061806678771973, -4.112429141998291, -4.277431011199951, 2.5398831367492676, -0.3825027048587799, -0.0072615500539541245, -2.5611116886138916, -2.0485525131225586, 0.5141607522964478, -0.0033106449991464615, 1.9872838258743286, 0.49142295122146606, -1.178687572479248, -0.3814983069896698, -0.07016845792531967, 0.40637198090553284, 0.0995093435049057, 0.45695650577545166, -0.6888718008995056, -1.6035698652267456, 3.0807297229766846]"
lamp 2,"[-0.710540235042572, -0.3031686842441559, -1.1709989309310913, 0.18254821002483368, 2.3621933460235596, 0.6487934589385986, -0.5156804323196411, 0.1722208708524704, -0.5441790819168091, 0.9866989850997925, 0.8103381991386414, 0.170119047164917, 0.8406855463981628, 2.3556058406829834, -0.1163988783955574, 0.36183106899261475, -0.717738926410675, 0.1674451231956482, -0.27860987186431885, 0.12286202609539032, 1.2281913757324219, 4.764257907867432, -0.467527836561203, 0.4565316140651703, -0.36033153533935547, 0.5095534324645996, 0.7457537055015564, 1.6842793226242065, -0.582054853439331, -1.7094119787216187, -0.6472329497337341, 5.131232738494873, 0.2095378041267395, 1.7259925603866577, 0.42663824558258057, 0.32485589385032654, -2.4971203804016113, -0.2218267023563385, 0.5123737454414368, 0.6416072249412537, 2.481693983078003, -3.912283420562744, 0.8938087224960327, -0.45909449458122253, -0.21085353195667267, -0.5973052382469177, 0.949402391910553, 2.2595744132995605, 0.1870454102754593, 0.35479721426963806, 0.09736650437116623, -2.168628215789795, 2.1608026027679443, 0.7339249849319458, -2.67903995513916, -1.6024823188781738, -0.2274862825870514, 0.6198525428771973, -1.0393810272216797, -2.368635654449463, 0.4083544909954071, -0.7775821089744568, -0.24316009879112244, -3.3076112270355225, 1.3441908359527588, -0.145229771733284, 2.338874578475952, -3.5757803916931152, 0.7423901557922363, -0.7653247714042664, -0.9220123291015625, 1.4432059526443481, 1.5151519775390625, 1.332297444343567, 0.2685225009918213, 1.1466823816299438, -0.9608447551727295, 0.8456814289093018, -0.9649049639701843, -1.9212645292282104, 0.6986737847328186, -1.0547641515731812, -1.0573784112930298, 1.6692432165145874, -0.978704571723938, 0.5828431248664856, 0.14495380222797394, 0.5259066224098206, -2.982006311416626, -0.8671202063560486, 1.573534369468689, -0.8013055920600891, 0.3241625428199768, -0.17107729613780975, -0.15716074407100677, 0.3847850263118744, 1.1501855850219727, 1.2150925397872925, 0.18460024893283844, 2.423130750656128, 4.707545757293701, 0.28647589683532715, -6.378364562988281, -0.23156218230724335, 2.7864480018615723, -0.37930214405059814, 1.3168144226074219, -1.3623589277267456, -2.361360788345337, -1.0437748432159424, 0.798399031162262, -1.0446146726608276, -1.152740240097046, -5.203354358673096, -1.1577047109603882, 1.4317834377288818, 0.767069935798645, -0.5767161846160889, -0.0682947188615799, 1.2848875522613525, -1.158082127571106, 2.1317896842956543, -0.27635616064071655, -1.1964807510375977, -0.13988855481147766, -0.009320404380559921, -1.08028244972229, 1.6070199012756348]"
lamp 3,"[-1.1724867820739746, -1.4755825996398926, -0.22544988989830017, 0.487966388463974, 3.423677682876587, 1.218230128288269, 1.0189753770828247, -0.33396944403648376, 0.38571563363075256, 1.8080792427062988, 0.3369732201099396, -0.2006232738494873, -0.1408143937587738, -0.22104302048683167, -0.2232533097267151, 0.4818134605884552, 0.11659751832485199, 0.26966631412506104, 0.01661580614745617, 0.12938183546066284, 1.350581407546997, 2.104801893234253, -0.023208297789096832, -1.356864094734192, -0.9022026658058167, -0.989656388759613, 0.6959453225135803, 0.44405922293663025, -1.0114330053329468, -4.498549461364746, -0.9693779945373535, 0.06493330001831055, 0.5752463340759277, 0.03705541044473648, 0.2709603011608124, 0.7108888626098633, -0.9042547345161438, 0.282415509223938, 3.8618555068969727, 0.648661732673645, 0.027810638770461082, -2.6157302856445312, 0.17699530720710754, -0.43919768929481506, 0.8466160297393799, 0.004438996315002441, 0.9051294326782227, 1.454729676246643, 0.22461579740047455, 0.11875598877668381, -0.25376373529434204, -0.336727112531662, 1.797105312347412, 4.1288228034973145, -4.022037982940674, -0.8070472478866577, -0.6265215277671814, -0.6917533278465271, 0.23619642853736877, 0.9373024106025696, 0.6807056665420532, 0.231596902012825, 0.8916184306144714, -5.247962474822998, 0.25567173957824707, 0.3593306541442871, 5.54098653793335, -5.475592613220215, 0.9927015900611877, -0.07315140962600708, 0.22907964885234833, 0.22163930535316467, 0.006472015753388405, 0.3148546516895294, 0.5261944532394409, 3.425947666168213, -0.486660897731781, 0.5645822286605835, 0.17530091106891632, -5.426781177520752, 0.46111899614334106, 0.07244409620761871, 0.06465981900691986, -0.2227453887462616, -0.11695453524589539, -0.07886983454227448, 0.7413029074668884, -0.5452588796615601, -4.459035873413086, -0.6126880645751953, 0.6341350078582764, -0.38986077904701233, -0.616182804107666, -0.08297087997198105, -0.6957084536552429, -0.3041870892047882, 0.24020574986934662, 1.3453419208526611, 0.3846619725227356, 0.944621741771698, -4.665870189666748, -0.28813958168029785, -5.171103477478027, -0.861689031124115, 3.119250774383545, 0.7474389672279358, -1.7151809930801392, -0.7898853421211243, -11.671339988708496, -1.7192142009735107, 1.9216254949569702, -0.11583828181028366, -0.5335003137588501, -5.271856307983398, 0.5475296378135681, 0.018066266551613808, -0.5383493900299072, -0.0407438650727272, -0.4381008446216583, 0.8167840242385864, 0.40323373675346375, 0.2797963321208954, -0.502115786075592, -0.4465842843055725, 0.3775206208229065, -1.0518633127212524, -0.9593034982681274, -1.0381392240524292]"
lamp 4,"[-1.4786450862884521, -2.530468225479126, -0.2252560704946518, -0.3596711754798889, 1.1031075716018677, 1.4336504936218262, -0.6984943747520447, 0.3832739293575287, 0.30393120646476746, 0.5266493558883667, -1.0289595127105713, -0.8158284425735474, -0.4551384747028351, -0.3090561330318451, -0.19991625845432281, -1.107885479927063, -1.1786305904388428, -0.933673620223999, 0.1033787950873375, -0.37562501430511475, -0.5071696043014526, 5.434686183929443, -0.4387570023536682, -1.7803174257278442, -1.5995807647705078, 1.242714524269104, -0.6038997769355774, -0.8255232572555542, -0.8880887627601624, 0.7977776527404785, 1.2237727642059326, 3.3093113899230957, -0.40157490968704224, -1.0962326526641846, 0.7881006002426147, -0.41804638504981995, -0.9584566354751587, 0.5630382299423218, 2.800046682357788, 0.37351351976394653, 0.9180411696434021, -2.8784713745117188, 0.6449898481369019, -0.34181100130081177, 0.19605104625225067, -1.4197207689285278, -0.32977917790412903, 2.1097145080566406, -0.43156006932258606, 0.5113346576690674, 0.19157364964485168, -1.5376369953155518, 1.266679048538208, 0.3956380784511566, -2.608159303665161, -0.8057382702827454, -0.44276857376098633, 0.558198094367981, -0.7159197926521301, 0.5420610308647156, -0.43703213334083557, -0.6166720390319824, 0.5855039954185486, -0.4727005958557129, -0.5497046113014221, -0.609456479549408, 1.4406583309173584, -3.095735549926758, 0.5704860687255859, -0.4539787769317627, -1.4017906188964844, 1.7751071453094482, -0.35191237926483154, -0.14719292521476746, 1.4451149702072144, 0.13744008541107178, 0.2250691056251526, 1.8820383548736572, -0.11581148952245712, -5.021019458770752, 1.1905863285064697, -1.0603584051132202, -1.5134540796279907, -0.4162406325340271, 0.4527905583381653, -0.3623216450214386, 2.07810115814209, -1.9713044166564941, -5.186017990112305, 0.5658009648323059, -0.297706663608551, -0.09003579616546631, -1.074304223060608, -0.23480091989040375, 0.38074761629104614, 0.3490693271160126, 0.7055082321166992, 1.6055011749267578, -1.3976341485977173, 1.5682893991470337, 0.3159141540527344, 1.1974719762802124, -6.808816909790039, 0.2212878316640854, 3.6100869178771973, 0.28846773505210876, -1.4199419021606445, -0.9757083058357239, -5.375809192657471, -0.9547920227050781, 0.2611292004585266, 0.560555100440979, -1.7909480333328247, -1.3868831396102905, 0.012510277330875397, 0.5483125448226929, 0.9000557661056519, 3.3332347869873047, -0.46040111780166626, 0.7645491361618042, -0.8976105451583862, 0.4974410831928253, -0.7425150275230408, -0.1363939344882965, -0.9188232421875, 0.4690723121166229, -1.8977952003479004, 1.008175015449524]"
lamp 5,"[-0.9548043608665466, -0.663490891456604, 1.351245403289795, -0.2163800746202469, 1.113965630531311, 2.3266043663024902, -1.4295464754104614, 1.0950634479522705, 0.34364715218544006, -0.2944885790348053, 0.5765600204467773, -0.4588504135608673, 0.3302190899848938, -0.7090134620666504, -3.6023612022399902, -1.7366219758987427, -2.6064631938934326, 1.830021619796753, -1.5378397703170776, -0.9267917275428772, 3.0656776428222656, 5.478640556335449, 2.3213894367218018, -0.13812042772769928, -2.063333034515381, 0.6887129545211792, -1.0159273147583008, 3.8464436531066895, 0.06563441455364227, -0.9844643473625183, 2.250249147415161, 5.35764217376709, -0.7989656925201416, -1.2592846155166626, -0.35775068402290344, -0.9972850680351257, -2.91620135307312, -1.3982008695602417, 0.4538709819316864, 0.2552492320537567, 2.2203664779663086, -4.106566905975342, 3.297250509262085, 1.4569705724716187, 0.9021404981613159, 0.6935768127441406, 1.0669472217559814, 1.273384690284729, -2.9980313777923584, -0.0177047960460186, -0.04099324345588684, -0.5549136996269226, -2.3316643238067627, -1.0838931798934937, 0.9533483386039734, -1.8456088304519653, 0.7996524572372437, -0.06473693251609802, -1.5736331939697266, -0.42540156841278076, 1.1729488372802734, -1.5951783657073975, -0.5634392499923706, -0.4768108129501343, -0.7732462882995605, -1.3591930866241455, -1.1558409929275513, -3.4944005012512207, -0.2630653977394104, -0.43411895632743835, -2.186206579208374, -1.0315903425216675, -0.9930688738822937, 0.5393946766853333, -0.057428646832704544, 0.6092051863670349, 1.4830843210220337, 0.6743997931480408, -2.8693861961364746, 0.09889420866966248, 1.4294450283050537, 0.09005329757928848, 1.506980538368225, 0.18772539496421814, -2.0215461254119873, 1.9198057651519775, -0.282822847366333, -0.20685797929763794, -0.6083269715309143, -2.407158136367798, -0.9624947309494019, -0.6113128066062927, 1.8771984577178955, -1.5383625030517578, 0.12445980310440063, 1.3140053749084473, 1.1151161193847656, -0.4138741195201874, 1.2048134803771973, 3.4059815406799316, 8.40247917175293, -0.987089216709137, -0.602050244808197, 0.8028244376182556, -3.1599133014678955, -1.3046082258224487, 1.9058979749679565, -0.9882735013961792, -0.10787495970726013, 0.24626785516738892, -0.6247905492782593, -1.3340505361557007, -1.3113341331481934, -2.938631772994995, 2.0836613178253174, -0.1898399144411087, -0.5667682886123657, 0.23699581623077393, -0.4477435052394867, 1.5001306533813477, -1.654710292816162, -1.5925654172897339, 0.051024921238422394, -0.6649120450019836, 0.28488510847091675, 0.06289933621883392, -0.2688519060611725, 2.9081339836120605]"
lamp 6,"[-0.3752242922782898, -0.5275501608848572, -0.9598742127418518, 0.543501079082489, 1.7606006860733032, 1.0108433961868286, 0.17985650897026062, 0.12643852829933167, -0.6938304305076599, 1.3339385986328125, -0.4025372564792633, 0.199001282453537, 0.015173986554145813, 0.6752609610557556, -0.046119458973407745, -0.0366642028093338, -0.9666612148284912, -0.922488808631897, -0.008754648268222809, 0.364679217338562, 1.9071621894836426, 2.233139991760254, 0.2191375195980072, -0.7971441745758057, 0.007158167660236359, -0.2563663721084595, 0.48975786566734314, 0.4089150130748749, -0.5145965218544006, -4.603715419769287, -0.8209826946258545, -0.3440547585487366, 0.5304402709007263, 0.7975590825080872, 0.6286250948905945, 0.00343303382396698, -0.3914650082588196, 0.4649188816547394, 4.657848834991455, 0.974867582321167, 0.06939604878425598, -0.961397647857666, 0.45421648025512695, 0.12502697110176086, 0.5465706586837769, -0.028446398675441742, 1.4392567873001099, 1.5460621118545532, 0.029445890337228775, 0.4929298758506775, 0.2605370581150055, -0.4477536678314209, 0.24291980266571045, 4.717006206512451, -4.698751449584961, -0.7783001065254211, 0.23073779046535492, -0.3191569447517395, -0.03676394000649452, 1.2084050178527832, 1.3564594984054565, 0.04893025383353233, -0.048361457884311676, -5.351923942565918, 0.26365944743156433, 0.6282028555870056, 3.8412907123565674, -5.172168731689453, 0.9163666367530823, 0.09085702896118164, -0.08697641640901566, 0.6605993509292603, 0.5271945595741272, 0.5201836228370667, 0.18476459383964539, 2.9747166633605957, -0.2752220630645752, 0.9377594590187073, 0.0025383010506629944, -6.36967134475708, 0.32866114377975464, -0.2740907073020935, 0.3368726074695587, 0.32251492142677307, -1.2311081886291504, 0.16614381968975067, 1.688159465789795, -0.9008575677871704, -4.7291035652160645, -0.38576632738113403, 0.552919328212738, -0.003814094699919224, -0.5893669724464417, 0.6524754166603088, -0.16007952392101288, -0.3782072365283966, 1.0577034950256348, 1.2810596227645874, -0.5016236901283264, 0.8360093832015991, -4.562638282775879, 0.11438629031181335, -4.801694393157959, 0.8146817088127136, 2.9171111583709717, -0.705500066280365, -2.8274388313293457, -0.5070059895515442, -11.671804428100586, -1.9690195322036743, 0.9691025018692017, -0.16153672337532043, -0.34690338373184204, -5.0885210037231445, 1.2900794744491577, -0.03142810985445976, -0.34326085448265076, -0.27643588185310364, -0.46312907338142395, 1.0210399627685547, -0.3955426514148712, 0.32083746790885925, -0.2824411392211914, -0.5688654184341431, 0.24718937277793884, -0.9022571444511414, -1.6264303922653198, -0.4940691292285919]"
lamp 7,"[-1.5458005666732788, -1.29598867893219, -0.9739363789558411, 0.49989208579063416, 3.239771604537964, 3.0150108337402344, 1.575517177581787, -0.4587547481060028, 0.05295884609222412, 1.1924556493759155, 0.10777799040079117, 0.61569744348526, 1.0749388933181763, 1.964785099029541, -0.1821349412202835, 0.35498014092445374, -0.790290117263794, -0.19940021634101868, -1.3163573741912842, -0.4065435528755188, 2.6577224731445312, 2.4277639389038086, -0.44452449679374695, -1.4831234216690063, 0.38504689931869507, -0.892105758190155, 0.9519162178039551, -0.16701290011405945, -0.3263578712940216, -3.464188814163208, -0.5171713829040527, 2.9042439460754395, 0.34784191846847534, 1.5943515300750732, 0.5451274514198303, -0.30255162715911865, -1.8695032596588135, -0.31590405106544495, 2.1329095363616943, 1.0552279949188232, 0.5699337124824524, -1.861284852027893, 0.45486798882484436, -0.49328938126564026, 0.6067838072776794, -0.8008732199668884, 0.8148061037063599, 2.173478126525879, 0.3625180721282959, 0.4706866145133972, -0.6294254064559937, -0.8897001147270203, 0.417194128036499, 6.065640449523926, -3.65262770652771, -0.852545440196991, 0.16906197369098663, -1.115825891494751, -1.0842339992523193, -0.653340220451355, 0.7023319602012634, -0.8877536058425903, 0.34241384267807007, -5.110893726348877, 1.0234370231628418, 1.200253963470459, 2.0990641117095947, -2.7667641639709473, 1.2426023483276367, -1.1200162172317505, -1.6941367387771606, 0.8840125203132629, 0.04174000769853592, -0.05293993651866913, -0.7443791031837463, 3.3866937160491943, -1.1408642530441284, 0.0584462508559227, -0.5538733601570129, -3.738539695739746, 0.5895291566848755, -2.0671591758728027, -0.7339116930961609, 0.7897030711174011, -0.8039917945861816, 0.7560813426971436, 1.53130304813385, -0.6128870844841003, -4.695045471191406, -0.5149677991867065, 0.17709246277809143, 0.24468931555747986, -0.5330233573913574, 0.1472083181142807, -0.1183389276266098, 0.4705561101436615, -0.2721407413482666, 0.833988606929779, -0.20143285393714905, 3.2230639457702637, -2.7066454887390137, 0.40178820490837097, -7.641595363616943, 0.05401594564318657, 5.3407511711120605, -0.6535447835922241, -0.41532695293426514, -0.4953499734401703, -8.782224655151367, -1.2646734714508057, 1.151923656463623, 0.4778040945529938, 0.17285431921482086, -5.886196136474609, 0.12325048446655273, 0.14646665751934052, -0.3978923261165619, 0.15684959292411804, -0.9281495809555054, 1.280882716178894, 0.2841244339942932, 0.7268024682998657, -1.445585012435913, -0.7148194313049316, 0.8174112439155579, -0.7088039517402649, -0.43024513125419617, 0.16532936692237854]"
lamp 8,"[-0.4277849495410919, -0.9277029037475586, -1.0769368410110474, 0.9737777709960938, 3.214754104614258, 0.9797096252441406, 0.83344966173172, -0.4857732951641083, 1.142137050628662, -0.48902055621147156, -0.011204391717910767, -0.5490434169769287, -0.8719958066940308, 0.6181468963623047, 0.05151992291212082, 0.6477271318435669, -3.8642966747283936, -0.6603587865829468, 0.004641194362193346, 0.896348774433136, 0.4956026077270508, 2.4655802249908447, 0.30019664764404297, -0.9661141633987427, -2.036776542663574, 0.12501201033592224, 1.4908246994018555, -0.28902092576026917, -0.7325137853622437, -3.2608819007873535, -0.18596723675727844, 2.1206679344177246, -0.5629405379295349, -1.1522386074066162, 0.6065899133682251, -0.8598697185516357, 1.051944613456726, 0.29188576340675354, 5.199193000793457, 0.7210831642150879, 0.4795770049095154, -1.581443190574646, 0.7265295386314392, 1.1056170463562012, 1.1515737771987915, 0.8803743720054626, 1.4020639657974243, 1.0165823698043823, -0.47120869159698486, -0.2741401791572571, 1.1575785875320435, -0.29766830801963806, 0.7138739228248596, 3.349278450012207, -2.8028719425201416, 1.8127986192703247, 0.29159873723983765, -0.104034423828125, 0.21392060816287994, 2.757723569869995, -0.21266448497772217, 0.3117075562477112, 1.263763427734375, -5.5165486335754395, -0.09104831516742706, 1.4167020320892334, 1.5684120655059814, -4.794349193572998, 0.4913877248764038, -0.39836257696151733, 0.8459998369216919, -1.3316280841827393, 0.9419391751289368, -0.11313506960868835, -1.3462992906570435, 0.32790079712867737, 0.3402787148952484, 0.3797443211078644, -1.0892876386642456, -4.752925872802734, -0.36420050263404846, 1.2320911884307861, -0.5907087922096252, -0.5918240547180176, -0.08756651729345322, -0.28322240710258484, 0.4181700348854065, -0.8824000358581543, -0.5322844386100769, -0.40788447856903076, -0.0031362250447273254, -0.7425287365913391, -0.3665981888771057, 1.3929693698883057, 0.6664338111877441, -1.2077654600143433, 0.958375096321106, -0.4365827143192291, 0.45352703332901, -2.3694710731506348, -2.5754735469818115, -0.24940234422683716, -2.6402323246002197, -0.6114317774772644, -0.08874750137329102, -0.31210798025131226, -2.685295581817627, -0.07242581993341446, -10.558472633361816, -0.4702296257019043, -0.14290988445281982, 1.1239218711853027, -0.8946839570999146, -4.5442047119140625, -0.6647658348083496, 1.0409355163574219, 0.4327225089073181, 1.5727753639221191, -0.06796440482139587, 0.816938579082489, 0.19565902650356293, -0.4869528114795685, -0.3194381594657898, -0.1814662218093872, 0.3271346390247345, 0.1314961016178131, 0.6731196045875549, 0.12996956706047058]"
sofa 0,"[-0.5918459892272949, 0.900066614151001, 0.49451541900634766, -0.39398911595344543, -0.25870177149772644, 0.13194024562835693, -0.14510181546211243, 0.39943382143974304, -1.2954860925674438, 1.6034927368164062, 0.046058014035224915, 0.28717148303985596, -0.01148977130651474, -0.042403146624565125, -0.2687112092971802, 0.10508980602025986, -0.43181008100509644, -1.3850568532943726, -1.4798167943954468, -0.32764002680778503, -0.4854107201099396, -0.8155688047409058, -0.04549043998122215, 0.5802339315414429, 1.048407793045044, 0.6280372738838196, 1.2697665691375732, -1.0445051193237305, 2.3787667751312256, 6.064967632293701, 0.15524336695671082, 3.2619283199310303, 0.07270201295614243, -0.6182172894477844, 0.18831902742385864, -0.1737491339445114, 1.684268593788147, 0.49989888072013855, 0.005931101739406586, -0.7365933656692505, -0.1793367564678192, -1.8173513412475586, -0.46656882762908936, 1.0077455043792725, 0.2630649209022522, -0.7578960061073303, 1.233364462852478, 0.8450109958648682, -0.029277967289090157, -0.08310713618993759, -0.10521276295185089, 0.6427525877952576, -0.1584513634443283, -2.55133056640625, 1.7605901956558228, 0.435109943151474, -0.8641995787620544, 0.4077218472957611, -0.22417397797107697, 0.6550818085670471, -0.7309209704399109, -0.04742779582738876, 0.8247843384742737, 2.4808921813964844, 0.46483030915260315, -0.8461222052574158, -7.3671650886535645, 6.077789783477783, -0.15755900740623474, 0.2900915741920471, 0.08274728059768677, 0.17997483909130096, -0.68125981092453, -0.033364176750183105, 0.3049006760120392, -3.663001537322998, 0.17762203514575958, 0.3664565980434418, -0.9409449696540833, 0.9223137497901917, -0.7583889365196228, 0.025432894006371498, -0.06449685990810394, -0.06820020079612732, -0.5110172629356384, -0.42830365896224976, 0.2249443233013153, -0.6990527510643005, -0.1359342634677887, -0.4033687710762024, -1.0287977457046509, 0.38295987248420715, 0.06719032675027847, -0.5437591075897217, 0.527113139629364, -0.013251317664980888, 0.233402281999588, 0.6093730926513672, -0.7516666054725647, 1.8597657680511475, 1.1606305837631226, 0.3764883875846863, 1.7670799493789673, 0.42834773659706116, 2.0426459312438965, 0.928033709526062, -2.5363800525665283, -0.15351277589797974, 5.623783588409424, 1.64393150806427, 0.33345887064933777, 0.6109992861747742, -0.3358239531517029, 2.492662191390991, -1.738703727722168, -0.2823374569416046, 0.4886695444583893, 0.6319960355758667, -0.37220892310142517, -0.2951822578907013, -0.2561705410480499, 0.891198992729187, 0.22811554372310638, -0.4607942998409271, -0.18391287326812744, 0.6731496453285217, -1.244838833808899, 1.6887372732162476]"
sofa 1,"[-0.7982574105262756, 1.4618345499038696, 0.8412008285522461, -0.07491772621870041, -0.35293927788734436, -0.3671911358833313, 0.1461966335773468, 0.129224956035614, -0.020141571760177612, -0.36924904584884644, 0.18523886799812317, -0.1312677264213562, -0.4468511939048767, -0.5568920969963074, -0.13684964179992676, 0.943972110748291, -0.5506278872489929, -1.318941593170166, -0.2480483204126358, -0.03214888647198677, -0.3831303119659424, -1.44815194606781, 0.01057211309671402, 0.10292547196149826, -1.418879508972168, 0.10187727212905884, 1.6354776620864868, -0.9650571346282959, 0.9406749606132507, 5.787843704223633, -0.6836322546005249, 2.9116415977478027, 0.20728163421154022, -1.0448939800262451, 0.11058935523033142, 0.9431986808776855, 1.7184817790985107, -0.3422088325023651, 0.9744905233383179, -0.20822854340076447, -0.8289087414741516, -1.644999384880066, -0.29248568415641785, 0.07701405137777328, 0.14852078258991241, -0.4028661549091339, 0.7992699146270752, 0.6835927367210388, -0.029139060527086258, -0.2657623291015625, 0.2184915542602539, -0.7597082853317261, -0.8420572876930237, -2.3820748329162598, 0.09509699046611786, -0.16031622886657715, -0.8314912915229797, 0.020014893263578415, 0.04856486618518829, 0.87034010887146, -0.5416942238807678, 0.2899017333984375, 0.16810068488121033, 3.5855016708374023, -0.11097919195890427, 0.09300598502159119, -6.7327141761779785, 5.799626350402832, 0.3048100173473358, -0.015874238684773445, 0.1714860498905182, -0.40132421255111694, -0.02909870631992817, 0.06808586418628693, 0.128526508808136, -3.3806567192077637, 0.02690182812511921, 0.22250303626060486, -0.18401813507080078, 0.1317165493965149, -0.23047412931919098, -0.27180737257003784, -0.22236484289169312, -0.37008893489837646, 0.5302808880805969, 0.3363737165927887, -1.0676536560058594, -0.02128008008003235, -0.2052919715642929, -0.3690924644470215, -0.8726577758789062, 0.048974208533763885, -0.055621709674596786, -0.44164490699768066, -0.5129035711288452, 0.6416721343994141, -1.2862894535064697, -1.1895579099655151, 0.27742496132850647, -0.39839887619018555, 0.16367346048355103, 0.7149609327316284, 1.6544824838638306, 0.7126024961471558, -0.08459208905696869, 0.09175564348697662, -2.418471574783325, 0.7520985007286072, 4.93706750869751, 1.420897364616394, -0.4930819272994995, 0.11409825831651688, -0.363792359828949, 2.2206075191497803, -1.267883539199829, -0.013468639925122261, 0.14420779049396515, 1.254122257232666, 0.5706999897956848, 0.6305016279220581, 0.6830065846443176, 0.8598157167434692, -0.19228939712047577, -0.31260257959365845, -0.021274782717227936, -0.3627246022224426, 0.22605718672275543, 2.0960631370544434]"
sofa 2,"[-0.4152558445930481, 0.4532466232776642, 0.7473652362823486, 1.0787973403930664, 0.11728872358798981, -0.07728223502635956, -0.25321823358535767, -0.9960906505584717, 0.2882370054721832, 1.2971539497375488, 1.326115369796753, 0.2550094723701477, 0.12683847546577454, -0.6459141969680786, -0.19573822617530823, 0.6355429291725159, 0.07806771993637085, -1.3781840801239014, 0.4156443774700165, 1.057420253753662, 0.48775196075439453, 0.7199015617370605, -0.1569490134716034, 0.8075661063194275, 0.44986867904663086, -0.07347918301820755, 1.7851027250289917, -0.004994332790374756, 1.9081318378448486, 8.40939998626709, -0.45937007665634155, 4.163058757781982, -0.17960843443870544, -0.004439648240804672, 0.8030687570571899, 0.6551691293716431, -0.48069509863853455, 0.6294158101081848, -0.2613597810268402, 0.3758510947227478, -0.10896699875593185, -0.8971776366233826, -0.566665768623352, 0.570762038230896, -0.04957104101777077, -0.05925140902400017, 2.005948781967163, 0.20432333648204803, 0.19488006830215454, -0.5499349236488342, -0.05923445522785187, 1.2176424264907837, 0.35419514775276184, -3.3086838722229004, 0.8553425669670105, -0.43316444754600525, 0.8844099044799805, 0.5167315602302551, 0.27141374349594116, 1.014366865158081, 0.8624676465988159, 0.5421496629714966, 0.55657958984375, 3.512712240219116, 0.7720725536346436, 0.23698264360427856, -6.790544033050537, 3.152925729751587, 0.547376275062561, 0.1713629961013794, -0.4359690546989441, -0.8324764370918274, 0.20566709339618683, 0.0358416810631752, -0.17814242839813232, -1.7422033548355103, 0.6293659210205078, -0.06890201568603516, 0.04176364839076996, 2.477778673171997, -0.17196324467658997, 0.034518077969551086, 0.15782344341278076, -0.6095730066299438, -1.031835913658142, 0.46860837936401367, 0.20411843061447144, -0.06166861951351166, -1.5319838523864746, 0.029191426932811737, -0.4205866754055023, 0.40051549673080444, 0.47673091292381287, -0.12696124613285065, 0.24668024480342865, 0.13467936217784882, -0.4187864661216736, -0.7029904127120972, -0.04353317245841026, 0.7512117624282837, 1.882867455482483, -0.8261421918869019, 1.2469770908355713, -0.11136583983898163, 2.7645769119262695, -0.21321098506450653, -0.9732891321182251, 0.6991207003593445, 6.335230827331543, 1.2285374402999878, 1.3533025979995728, -0.23349425196647644, -0.2214140146970749, 1.9715689420700073, -0.696304202079773, 0.502073347568512, -0.3018552362918854, 1.9781571626663208, -0.16387739777565002, -0.5504893660545349, 0.12492217123508453, -0.012714341282844543, -0.3632405996322632, -0.07074469327926636, 0.4228360056877136, -0.23320063948631287, 0.1498844176530838, 2.998019218444824]"
sofa 3,"[0.11873269081115723, 0.5691497325897217, 0.1104438304901123, 0.24584268033504486, -0.40088722109794617, -0.11047259718179703, 0.6004642844200134, 0.24626019597053528, -0.12189432978630066, 0.10232824087142944, 0.0987323746085167, 0.11835446208715439, -0.141638845205307, -1.2365940809249878, -0.022653890773653984, -0.2645820081233978, -0.7779943943023682, -1.080808401107788, -0.16279679536819458, 0.24387116730213165, 0.3081881105899811, 0.4847060441970825, 0.2494642436504364, -0.48039689660072327, -0.006274335086345673, -0.3656468987464905, -0.5834046006202698, 0.4307490289211273, 1.7255762815475464, 6.95250940322876, -0.15220153331756592, 1.7310431003570557, -0.22991910576820374, 0.31087833642959595, 0.0066179633140563965, -0.5907554030418396, 0.3222699463367462, 0.17973101139068604, 2.416033983230591, 0.024593090638518333, 0.30487871170043945, 0.5008529424667358, 0.22460304200649261, -0.4766179621219635, -0.012748591601848602, 0.01487988606095314, 0.48250120878219604, -0.005167067050933838, -0.026608385145664215, 0.17568939924240112, -0.7721771001815796, -0.39701730012893677, 0.4607291519641876, -4.796309471130371, -0.33921051025390625, -0.13202697038650513, 0.35283321142196655, 0.3742574453353882, 0.15054462850093842, 1.6168184280395508, -0.34295836091041565, 0.04821663722395897, 0.15241900086402893, 2.7478678226470947, -0.0016156770288944244, 0.27171188592910767, -5.013406753540039, 1.9895821809768677, 0.26763150095939636, 0.08729180693626404, -0.1781749278306961, -0.0936889797449112, 0.3086572587490082, -0.11606766283512115, 0.46971407532691956, -1.778043508529663, 0.015193970873951912, -0.04482097923755646, 0.1796959936618805, 2.035689115524292, -0.2522042691707611, -0.13748037815093994, 0.36560583114624023, 0.2924146354198456, 0.05522545799612999, -0.04951634630560875, -0.339773952960968, -0.2046096920967102, -0.4006497263908386, 0.7067483067512512, -0.3062731623649597, -0.2706995904445648, -0.27348029613494873, 0.12067651003599167, -0.4370659589767456, -0.1358175277709961, 0.5459288358688354, -1.1276284456253052, -0.535193920135498, 0.3467176556587219, 0.774857759475708, 0.19102920591831207, 3.3783516883850098, -0.6231586337089539, -2.3719699382781982, -0.004690896719694138, -1.8431223630905151, 1.1331226825714111, 4.863139629364014, 1.3995388746261597, -0.42693430185317993, 0.41150006651878357, -0.1921156942844391, 0.6768941283226013, 0.7041217684745789, -0.021167725324630737, -0.20391206443309784, 0.9381874799728394, -0.059927597641944885, -0.2783241868019104, 0.20858944952487946, -0.5467619299888611, 0.1485234946012497, -0.19262495636940002, 0.029470294713974, -0.642836332321167, -0.6078377962112427, 2.0102343559265137]"
sofa 4,"[0.3922395706176758, 1.1287117004394531, 0.6055847406387329, -0.007194691337645054, 0.9145122766494751, -0.2585539221763611, -0.5394112467765808, 0.44595757126808167, -0.4964124858379364, 0.17759868502616882, 0.6600614190101624, -0.39577433466911316, -0.2682340443134308, -0.7703130841255188, -0.054834455251693726, -0.4439621567726135, -1.393476963043213, -0.650401771068573, 0.5267861485481262, 0.08324212580919266, 0.9577880501747131, 1.1296257972717285, -0.23601919412612915, -0.8915706276893616, 1.3922953605651855, -0.9275380373001099, 0.36171209812164307, 0.12917226552963257, 2.5827369689941406, 8.696224212646484, 0.4384749233722687, 1.7162144184112549, 0.1815212368965149, -0.15289026498794556, 0.31802794337272644, -1.5512993335723877, 0.4199090600013733, 0.4020819664001465, 2.6644346714019775, 1.100801706314087, -0.3558875322341919, -0.6497592926025391, 0.31853586435317993, -0.15289030969142914, 0.703713059425354, -1.0566027164459229, 0.7777338624000549, 1.2563029527664185, -1.2145651578903198, 0.21920567750930786, -1.2042427062988281, 0.47908398509025574, 0.18491044640541077, -5.396176338195801, 0.38326793909072876, -0.25468909740448, 0.5882588028907776, 0.5568344593048096, 0.8106554746627808, -0.1667037457227707, 0.046913158148527145, 0.4283369481563568, 0.08077038079500198, 2.983738899230957, 0.005661802366375923, -0.03170453757047653, -4.6655473709106445, 1.2934597730636597, -0.15895605087280273, -0.4549819529056549, -0.9215996265411377, -0.022244777530431747, -0.19739438593387604, 0.23203539848327637, 0.9514106512069702, -2.1988351345062256, -0.2062029093503952, 0.3590025007724762, -0.6674975752830505, 2.1732890605926514, 1.044883131980896, 0.20565399527549744, -0.5797221660614014, 0.08464060723781586, -1.0130290985107422, 0.5565491914749146, -0.2762000858783722, 0.2670871913433075, -1.5899267196655273, 1.0612655878067017, -0.6281129121780396, 0.05737028270959854, 0.38858020305633545, -0.1191803365945816, -0.3823639154434204, -0.5612589120864868, 1.0550276041030884, -1.7638132572174072, -0.3702813982963562, 1.1638749837875366, 1.1862611770629883, 0.5435246825218201, 1.483829379081726, -0.4375239312648773, 1.4730790853500366, 0.47361552715301514, -1.8569058179855347, 0.5541289448738098, 5.13005256652832, 2.186004638671875, -0.7129673361778259, -0.42123523354530334, -0.06735511869192123, 1.1155292987823486, 0.024365976452827454, -0.013433219864964485, -0.7282048463821411, 0.4869643747806549, -0.8345721960067749, -0.7589893341064453, -0.7212968468666077, -0.2729070782661438, 0.5183807015419006, -0.7361472845077515, 0.5003219246864319, -0.37105920910835266, -1.0604381561279297, 3.4748475551605225]"
sofa 5,"[-1.4790884256362915, 1.1188726425170898, 0.7892752289772034, 0.8726165890693665, 1.1096374988555908, -0.9230490326881409, -0.03427642583847046, 0.47676369547843933, 0.31191113591194153, 1.3898649215698242, -0.16859272122383118, -0.3339124619960785, -0.3500767946243286, 0.7574403882026672, 0.3046397864818573, 0.30546680092811584, 0.18802475929260254, -2.006688356399536, -0.18870624899864197, -0.0938941016793251, 1.0735647678375244, 0.19013266265392303, -0.4198821783065796, 0.5506293177604675, -0.3505017161369324, -0.2437758892774582, 2.4315848350524902, 0.594079852104187, 1.2368124723434448, 5.4040751457214355, -1.6135871410369873, 3.343641519546509, -0.4714209735393524, -0.2787029445171356, 1.3784677982330322, 0.5536437630653381, -0.23155216872692108, 0.23761481046676636, -0.3645718991756439, -0.6283001899719238, -0.5369160175323486, -0.521721363067627, -0.16856084764003754, -0.16207058727741241, -0.007351689040660858, 0.9019662737846375, 2.742053985595703, 1.0101467370986938, 0.31379467248916626, 0.4311082065105438, 0.09479793161153793, -0.1480739861726761, -0.18707123398780823, -1.8895156383514404, 0.5873921513557434, 0.43307799100875854, -0.20391888916492462, 0.1197555810213089, 0.5391085743904114, 0.5071131587028503, 1.4970709085464478, -0.3038002848625183, -0.27901363372802734, 5.075017929077148, -0.0975949689745903, 0.7231044173240662, -6.850415229797363, 4.827341556549072, 0.1866019368171692, -0.42304718494415283, 0.1041821837425232, -0.40198445320129395, 1.055395483970642, -0.5708333253860474, -0.20115256309509277, -0.44702374935150146, -0.22869016230106354, 0.23458454012870789, -0.2685304582118988, 0.9320809841156006, -0.11608365178108215, 0.013757133856415749, 0.8640109300613403, 0.00587105005979538, -1.0494513511657715, -0.6158637404441833, 0.5247594118118286, -0.31022220849990845, -2.6962921619415283, -0.6838628649711609, -0.041308991611003876, 0.735781729221344, -0.7542096972465515, -0.10629139840602875, -0.5960939526557922, -0.6645235419273376, -1.4193744659423828, -0.8511212468147278, 0.5367060303688049, 1.9645617008209229, -0.5258276462554932, 0.42924174666404724, 0.5013200044631958, 0.23147530853748322, 1.4765671491622925, -0.04777472838759422, -2.1196799278259277, 0.5104464292526245, 7.058060169219971, 1.2892107963562012, 1.2718855142593384, -0.0015011485666036606, -0.16397660970687866, 1.4175478219985962, -1.7253398895263672, 0.3277687132358551, 0.10624858736991882, 0.4265335202217102, -0.20155417919158936, -0.2566966116428375, 0.6877003312110901, 0.9170174598693848, -0.47315216064453125, -0.8304567933082581, 0.2840394377708435, 0.41905632615089417, 1.4964733123779297, 2.9555652141571045]"
telephone 0,"[0.5148249268531799, -0.061796970665454865, 2.591123580932617, -0.29370662569999695, -0.07254986464977264, -1.904592514038086, -1.4052907228469849, 1.795677900314331, -0.16181567311286926, 0.4866047203540802, -0.9614970088005066, -0.3783665597438812, 0.07328147441148758, -5.570249080657959, 0.8164107799530029, -0.7027772068977356, -1.160272240638733, -1.1766386032104492, -0.6015604138374329, 0.6624036431312561, -0.7845228910446167, -0.7042077779769897, -0.004941195249557495, -0.9357991814613342, -0.9254848957061768, 0.5447179675102234, 1.2849469184875488, 1.575907826423645, 1.4043477773666382, 6.678619384765625, -0.20025944709777832, -2.078430414199829, 0.6138662099838257, -0.1328696608543396, -1.523064136505127, 0.31067150831222534, -0.15630650520324707, 1.1911495923995972, 3.75923752784729, 1.1302363872528076, 1.1870108842849731, -1.5278904438018799, 2.4383480548858643, 0.2581213116645813, 0.044324200600385666, 0.4683544933795929, -0.3556985557079315, -0.15470844507217407, -1.1342287063598633, 0.2612003982067108, 0.9396230578422546, 0.8534832000732422, 1.2669603824615479, -3.197925567626953, -1.0548423528671265, -0.12662801146507263, -0.5684107542037964, 1.832173466682434, 0.25461193919181824, 1.6608178615570068, 0.7251240015029907, 0.3367176651954651, 0.23273518681526184, 3.3638603687286377, 0.4598398506641388, -0.8806760907173157, 3.069399356842041, -2.349249839782715, 0.7179561257362366, 0.9218552112579346, 1.2513387203216553, 0.08658797293901443, -0.039389289915561676, 0.5399487018585205, 0.1307487189769745, -0.9379771947860718, -0.6961005330085754, 0.14748597145080566, -0.39629045128822327, -3.4600069522857666, 0.16446737945079803, 1.1941477060317993, 0.027198217809200287, 0.44662612676620483, 0.10459059476852417, -0.16312813758850098, -0.7789053916931152, 0.5388461351394653, -4.764604568481445, -1.8244634866714478, 2.3129537105560303, -0.6220986247062683, 0.8791688084602356, 0.5146520137786865, 1.1651095151901245, -0.27700114250183105, 0.5202991366386414, -1.0631474256515503, 0.01000220887362957, -0.6740251779556274, -5.207373142242432, -0.3970077931880951, -1.2968107461929321, 0.6226950287818909, 0.27634379267692566, -0.05993727967143059, -5.138160228729248, -2.229698896408081, -3.162886142730713, -0.35474854707717896, -0.9766381978988647, -1.0938862562179565, -1.5636072158813477, 0.9107889533042908, 2.1012656688690186, 0.5153253078460693, -1.5389759540557861, 0.40218937397003174, 1.0035978555679321, 0.040686868131160736, -0.820763111114502, -0.050207190215587616, 0.8146535158157349, 1.094298243522644, 1.1125649213790894, 2.9542784690856934, -0.07873528450727463, 1.977998971939087]"
telephone 1,"[-0.5547962188720703, 0.4042867124080658, 0.6382037997245789, -0.34597665071487427, 0.8548603057861328, 0.3624878525733948, -0.3124725818634033, 0.0027921628206968307, 0.6596187949180603, 0.21647921204566956, 0.5832962393760681, -0.22692805528640747, 0.023083744570612907, -1.795312523841858, -0.09003941714763641, 0.06596075743436813, 0.08565053343772888, -0.8150045871734619, -0.21216318011283875, 0.11291513592004776, 0.551127016544342, 2.0773489475250244, 0.42762741446495056, 0.2085767388343811, -1.3858373165130615, 0.5107826590538025, 0.3169814944267273, -0.03720376640558243, -0.36611294746398926, 2.6056482791900635, 0.715709388256073, -2.515270948410034, 0.04868867248296738, 0.01884360983967781, 0.2528049945831299, 0.9225034713745117, 0.3871973156929016, 0.621837854385376, 6.849462032318115, 0.45516237616539, 0.014575168490409851, 0.47259658575057983, -0.4099351167678833, -0.5763295292854309, 0.4157150685787201, 0.16434668004512787, 0.2174278199672699, 0.538913905620575, -0.4403732717037201, 0.03250682353973389, 0.042996846139431, -0.04068976268172264, 0.16762031614780426, 0.16141536831855774, -3.563910484313965, -0.0944109708070755, -0.2731921076774597, 0.39853230118751526, -0.13166697323322296, 4.07034158706665, -0.7377614974975586, 0.0483471043407917, 0.24469700455665588, 0.01088174432516098, -0.12237868458032608, 0.17433670163154602, 4.568321228027344, -6.453760147094727, 0.2858344614505768, 0.4318450689315796, -0.6552823781967163, -0.49015897512435913, -0.05338342487812042, 0.3053145706653595, -0.3418988585472107, 2.20694637298584, 0.07968594878911972, -0.2853202521800995, 0.1835671216249466, -4.762380599975586, 0.2071615308523178, 0.2548224925994873, -0.058313626796007156, -0.12217098474502563, 0.3128112852573395, -0.3118709921836853, 0.05021786317229271, 0.02629360556602478, -6.247973918914795, 0.5487792491912842, 0.6071394681930542, 0.13303223252296448, -0.27162888646125793, 0.28758490085601807, 0.0006886608898639679, 0.4932343065738678, 0.4698054790496826, -0.03366125002503395, 0.3045826256275177, 0.33165937662124634, -8.663711547851562, 0.27456173300743103, -3.4495463371276855, 0.04658449813723564, 2.4032418727874756, 0.10675697028636932, -3.323709726333618, 0.23454774916172028, -9.834586143493652, -2.2489569187164307, 0.8350309133529663, -0.2580467164516449, -0.23982815444469452, -0.9641690850257874, 0.09480814635753632, 0.48007282614707947, 0.21782705187797546, -0.03452010452747345, -0.33687204122543335, 0.39273595809936523, 0.6069565415382385, -1.0882030725479126, 0.4821803867816925, 0.5200860500335693, -0.20040243864059448, -0.09983588755130768, -0.1960797905921936, 0.4163535535335541]"
telephone 2,"[-0.5994448065757751, 0.37067440152168274, 0.5221534967422485, -0.38471582531929016, 0.6687774658203125, 0.39238351583480835, -0.24705347418785095, 0.08815114945173264, 0.33152666687965393, 0.13300727307796478, 0.8362231850624084, -0.25227904319763184, 0.14758440852165222, -1.8580528497695923, 0.31321895122528076, 0.3404476046562195, -0.010073486715555191, -0.8884008526802063, -0.06473232805728912, 0.17424622178077698, 0.8503680229187012, 2.440423011779785, 0.48028305172920227, -0.1798648089170456, -1.2054216861724854, 0.495778352022171, 0.22853127121925354, -0.10284359753131866, -0.5914437174797058, 3.045469284057617, 0.9526588916778564, -1.928943157196045, -0.008397430181503296, -0.0064522624015808105, 0.03219011425971985, 0.6255500316619873, 0.23322781920433044, 0.4288797974586487, 7.426060676574707, 0.3109148144721985, 0.15380434691905975, 0.5137524008750916, -0.497350811958313, -0.3103581368923187, 0.33811622858047485, 0.12505371868610382, 0.26290959119796753, 0.46485787630081177, -0.5391923189163208, -0.11112997680902481, 0.16213911771774292, 0.4945794343948364, 0.684683084487915, 0.5133156776428223, -3.8987553119659424, -0.20405854284763336, -0.5022563934326172, 0.4069622755050659, -0.24792025983333588, 4.194669723510742, -0.6576695442199707, -0.00485656876116991, 0.27570950984954834, -0.46075063943862915, -0.31644847989082336, 0.06780906021595001, 4.651007175445557, -6.56294059753418, 0.19316937029361725, 0.40378639101982117, -0.6608024835586548, -0.40796735882759094, -0.01371880155056715, 0.11241819709539413, -0.37804991006851196, 2.053513526916504, 0.09508811682462692, -0.12628668546676636, 0.18175524473190308, -4.515857219696045, -0.010784130543470383, 0.37910518050193787, -0.2593262791633606, -0.16946689784526825, 0.6402636766433716, -0.3782597482204437, 0.19587431848049164, 0.08001708984375, -6.330678462982178, 0.4205248951911926, 0.36524078249931335, 0.2563776671886444, -0.08447238057851791, 0.1539255827665329, 0.217993825674057, 0.2995394170284271, 0.5100004076957703, 0.06500103324651718, 0.4803490936756134, 0.136812224984169, -8.866991996765137, 0.35269030928611755, -3.779132127761841, -0.09839364886283875, 2.572878360748291, 0.01873885840177536, -3.4507265090942383, -0.2054004967212677, -10.543004989624023, -2.5847628116607666, 0.8003048300743103, 0.10221374034881592, -0.18919971585273743, -0.9999430179595947, 0.0438271090388298, 0.6094770431518555, 0.49698227643966675, 0.18412992358207703, -0.1431293487548828, 0.1383247971534729, 0.7688748240470886, -1.1503052711486816, 0.11968456208705902, 0.44256505370140076, -0.23031598329544067, -0.042886342853307724, -0.21727362275123596, 0.29389986395835876]"
telephone 3,"[-0.2760324776172638, 0.46068182587623596, 0.46521028876304626, -0.4960818886756897, 1.0290724039077759, 0.9095470309257507, -0.03249780088663101, -0.013730103150010109, 0.49688923358917236, 0.024013783782720566, 0.3746660649776459, -0.10702984780073166, -0.19620555639266968, -1.782917857170105, 0.47495612502098083, 0.47997161746025085, -0.6275138854980469, -0.4296676814556122, 0.2837669253349304, 0.45170852541923523, 0.6344043016433716, 2.969651699066162, 0.2690314054489136, -0.08592081815004349, -1.4795218706130981, 0.19981588423252106, 0.5575714111328125, 0.368927001953125, -0.23738902807235718, 1.7460389137268066, 0.5602334141731262, -2.3068995475769043, 0.2842162251472473, -0.02042863517999649, 0.3879123032093048, 0.5118741393089294, 0.8085576891899109, 0.7715724110603333, 7.201068878173828, 0.09864118695259094, -0.11311926692724228, 0.9225530624389648, -0.12951789796352386, -0.194920152425766, 0.14704227447509766, 0.36623549461364746, 0.2819288372993469, 0.5011969804763794, -0.3295469582080841, 0.06787622720003128, 0.16607028245925903, -0.01596449688076973, 0.04048851877450943, -0.6315057277679443, -3.8527727127075195, -0.2410336583852768, 0.15461739897727966, 0.10583767294883728, -0.26535719633102417, 3.9577462673187256, -0.2848057448863983, -0.3115132451057434, 0.14037436246871948, -0.6032406091690063, 0.16003912687301636, 0.3929317593574524, 4.099493026733398, -6.648148059844971, 0.10857628285884857, 0.6489784717559814, -0.2393716722726822, -0.21257184445858002, 0.22684726119041443, 0.22552047669887543, -0.4416560232639313, 2.085618495941162, -0.032487981021404266, -0.4350113272666931, -0.09184671193361282, -4.030169486999512, 0.2792954742908478, 0.21710392832756042, 0.05481645092368126, -0.037078265100717545, 0.15735632181167603, -0.6722924113273621, 0.3255821168422699, 0.04492039233446121, -6.0104169845581055, 0.775455117225647, 0.16206537187099457, 0.19776690006256104, -0.3295747637748718, 0.032358065247535706, 0.18940459191799164, 0.35122251510620117, 0.4588296413421631, -0.042556021362543106, 0.031067101284861565, 0.12842708826065063, -7.031460762023926, 0.5317897200584412, -3.448094606399536, -0.04068033769726753, 0.7350464463233948, -0.02513866499066353, -2.4348161220550537, 0.21299314498901367, -9.292276382446289, -1.6051748991012573, 0.38256242871284485, -0.11673444509506226, -0.23770366609096527, -1.4315626621246338, 0.15487715601921082, 0.6438800096511841, 0.0749794989824295, 0.17929965257644653, -0.24997994303703308, 0.21661795675754547, 0.5682279467582703, -1.449108600616455, 0.23355400562286377, 0.4718204140663147, -0.23773276805877686, 0.36478251218795776, 0.06686221063137054, 0.8622071743011475]"
telephone 4,"[-0.62750643491745, 0.5139908790588379, 0.45842814445495605, -0.1805226057767868, 0.7890697717666626, 0.4094083905220032, -0.20624947547912598, 0.07781033962965012, 0.4625898003578186, 0.34104642271995544, 0.7635093331336975, -0.12092922627925873, 0.012720465660095215, -1.5376187562942505, 0.1254834532737732, 0.4695412814617157, -0.09329836070537567, -0.7016165852546692, 0.058608461171388626, 0.20428653061389923, 0.7943999767303467, 2.432888984680176, 0.428689181804657, 0.0551501102745533, -1.1323448419570923, 0.4104357063770294, 0.35398706793785095, 0.2464730143547058, -0.4261459708213806, 2.275371551513672, 0.6441488265991211, -1.9669620990753174, 0.0913195088505745, 0.011947371065616608, 0.12973710894584656, 0.7030847072601318, 0.3984390199184418, 0.2625550925731659, 6.968233108520508, 0.4129668176174164, -0.0038483068346977234, 0.3621945083141327, -0.47519606351852417, -0.48453444242477417, 0.327896386384964, 0.32510772347450256, 0.24117183685302734, 0.5780704617500305, -0.45830923318862915, 0.015139864757657051, -0.01704305037856102, 0.33723413944244385, 0.29019907116889954, 0.6701902151107788, -3.7055201530456543, -0.11766160279512405, -0.17052704095840454, 0.36331045627593994, -0.27428939938545227, 3.933783769607544, -0.5135636329650879, 0.125667542219162, 0.13471773266792297, -0.8453111052513123, -0.23073837161064148, -0.048594966530799866, 4.492219924926758, -6.738056659698486, 0.35117077827453613, 0.33460065722465515, -0.7163650989532471, -0.5057466626167297, -0.054626017808914185, 0.26702651381492615, -0.5254316926002502, 2.243886709213257, 0.04080154746770859, -0.24495509266853333, -0.13415145874023438, -4.526170253753662, 0.13559508323669434, 0.1391024887561798, -0.14992691576480865, -0.13946324586868286, 0.5120484232902527, -0.1633455604314804, 0.08300518989562988, 0.14426055550575256, -6.286736488342285, 0.5302878022193909, 0.25588881969451904, 0.037810858339071274, 0.09005724638700485, 0.19277091324329376, 0.12193747609853745, 0.3573389947414398, 0.6025217771530151, 0.04219561815261841, 0.31045421957969666, 0.5238432884216309, -8.27869987487793, 0.22647681832313538, -3.719865560531616, -0.21828198432922363, 2.4734697341918945, -0.07336340844631195, -3.153184413909912, -0.15477511286735535, -10.648223876953125, -2.257340908050537, 0.7511860728263855, -0.0778888687491417, -0.13031195104122162, -1.3913991451263428, -0.06317120045423508, 0.4889673590660095, 0.023937204852700233, 0.1389251947402954, -0.3794209361076355, 0.48291271924972534, 0.5251135230064392, -1.008011817932129, 0.1828930675983429, 0.3416655957698822, -0.25675904750823975, -0.18161490559577942, -0.3313663601875305, 0.2811596989631653]"
chair 0,"[0.4147021770477295, 0.060949817299842834, -0.8510235548019409, -0.4523776173591614, 2.770069122314453, 1.4172128438949585, -0.9730920195579529, 0.02534577064216137, 0.8395853638648987, -1.6014102697372437, -0.25728175044059753, -0.5474535226821899, 0.6259081959724426, -3.125073194503784, 0.6079273223876953, 1.7744667530059814, -1.1103781461715698, -1.2511775493621826, 0.4682222306728363, 0.054786499589681625, 1.2680195569992065, 5.42317008972168, 0.7419227361679077, 0.4386098384857178, 0.15565216541290283, 0.11651584506034851, -0.4163927137851715, -2.8463447093963623, 1.01741623878479, 1.4210572242736816, 2.352471351623535, 1.2914743423461914, 0.016146836802363396, -0.30393558740615845, 0.7425365447998047, -1.2380520105361938, 0.04260551556944847, -0.5008818507194519, 5.0007405281066895, 0.12777017056941986, 1.339603304862976, -2.683443069458008, 0.8448142409324646, -0.8252213597297668, -0.5491065979003906, -0.8476247191429138, -1.6726387739181519, 1.5987049341201782, 1.3767168521881104, 1.4972443580627441, 0.21824592351913452, -0.5385311841964722, -0.797961950302124, -1.5308767557144165, -0.935360312461853, -0.33992549777030945, -0.14461888372898102, 1.084454894065857, 0.02425997145473957, -0.3619990646839142, -1.0276579856872559, 0.8960899710655212, -1.0725371837615967, -1.9792635440826416, -0.5698694586753845, -1.5351953506469727, -4.87044095993042, -3.2084615230560303, 0.03207961097359657, -0.772898256778717, -0.09026515483856201, 0.2718507945537567, -1.2975637912750244, -0.030678676441311836, 2.198707342147827, -2.0674028396606445, -0.1373119354248047, -0.556545615196228, 0.927616536617279, -1.1720435619354248, -0.40500178933143616, -0.6447144150733948, -0.18757914006710052, -1.0307360887527466, 0.9003329277038574, 0.8256338238716125, 0.008791744709014893, -1.6822268962860107, -1.054099440574646, 1.30392324924469, -1.0373051166534424, 0.24652142822742462, 0.2469431459903717, -0.06726770848035812, -0.30138272047042847, -1.589029312133789, 0.7485377788543701, -2.082759141921997, -0.4221358597278595, 0.7308419942855835, 0.03766961395740509, 0.8926553726196289, -1.4633386135101318, -0.8465403318405151, 2.919106960296631, 2.1881885528564453, -1.5199164152145386, -1.8312653303146362, -5.7054219245910645, 3.5765910148620605, 0.23562002182006836, -0.8348627090454102, -0.7518492341041565, -1.7856992483139038, 0.9007574319839478, -0.2525213956832886, 0.1366690844297409, 2.6174750328063965, -0.20586174726486206, 0.3797489404678345, -0.8750978112220764, -1.477179765701294, 0.4333268702030182, -0.4092971980571747, -0.3214709758758545, 1.046617865562439, 0.5699386596679688, 0.044720739126205444]"
chair 1,"[-0.11896663159132004, 0.3872101604938507, 1.1148350238800049, -1.4091315269470215, 1.167341947555542, 0.5750054717063904, 0.6358428001403809, -0.17996646463871002, -0.013694152235984802, 0.36591774225234985, -0.7044982314109802, -0.18718531727790833, 0.03782579302787781, -0.006522372364997864, -0.03958696499466896, 0.6693458557128906, 1.0005481243133545, -2.1985185146331787, 0.1916089951992035, -0.008969522081315517, 1.5780143737792969, 4.240537166595459, -0.1547795534133911, 0.2749824523925781, -0.017082229256629944, -0.09566416591405869, 1.6797724962234497, -1.2240502834320068, 1.101098895072937, -0.9496201276779175, -0.8457838296890259, 0.4761720895767212, -0.3254642188549042, 0.7538450360298157, -0.08023533225059509, 1.1354278326034546, 1.1030675172805786, -0.15053260326385498, 3.1402587890625, 0.24092407524585724, -0.5720688104629517, -2.8288865089416504, -0.7134426236152649, -0.2883796989917755, 0.6433253288269043, -0.12458977103233337, 0.5188601613044739, 0.5410895347595215, 0.14281238615512848, 0.5360807180404663, -0.28998884558677673, -0.32706981897354126, -0.2933751344680786, 1.5103554725646973, -2.3588056564331055, 0.011762220412492752, 1.460982084274292, -0.2220219224691391, -0.14327912032604218, -0.5291873216629028, -0.022581275552511215, -0.22438935935497284, 0.04619228094816208, -4.456487655639648, -0.28630077838897705, 0.41642338037490845, -1.6525005102157593, 0.8055164813995361, -0.268826425075531, 0.07673297077417374, 0.039865702390670776, 0.7829812169075012, 0.2208031564950943, 0.18006502091884613, -1.0476515293121338, -3.245349407196045, 0.5732218027114868, 0.17018887400627136, 0.2654808759689331, -2.9754445552825928, 0.311989963054657, -0.7330247759819031, -0.39420264959335327, 0.701761782169342, 0.01931113377213478, 0.5862802863121033, 0.28170862793922424, -0.07676874846220016, -2.8830134868621826, -1.7054436206817627, 0.11064242571592331, -0.26494300365448, 0.2049667239189148, 0.5285716652870178, -0.28801536560058594, 0.6174566745758057, 0.28227925300598145, -0.8058836460113525, 1.3508516550064087, 0.0030017876997590065, -0.1150752604007721, 1.3942036628723145, -4.542358875274658, 0.6605082154273987, 3.9025139808654785, 0.017335962504148483, -1.967112421989441, -0.2935049533843994, -6.211647033691406, 0.302192360162735, -0.41109901666641235, -0.7160254120826721, -0.43125584721565247, -3.0246846675872803, -0.4425685405731201, 0.2471119612455368, -0.09563791751861572, 2.9129233360290527, 0.49972227215766907, 0.6613583564758301, -1.8164732456207275, 1.9492950439453125, -0.00862894393503666, -0.06351298093795776, -0.6765307188034058, -1.1955008506774902, 0.14263609051704407, -1.3283554315567017]"
chair 2,"[-1.4089314937591553, -1.378470540046692, -2.0000176429748535, 1.3011105060577393, 0.04027220234274864, 1.9612070322036743, 0.3639616370201111, -0.062292009592056274, 0.33308860659599304, -0.6593204736709595, 0.9212197065353394, -0.1824902594089508, -1.6741348505020142, -0.7608879804611206, -0.8176971673965454, 0.11136121302843094, -1.7346062660217285, -3.0130035877227783, 0.061133719980716705, -0.22533610463142395, -0.16654372215270996, 1.2733922004699707, 0.3971653878688812, 0.012361826375126839, -1.816138744354248, -0.08337873965501785, 0.10416267067193985, -1.1895487308502197, -1.3310445547103882, -3.489788770675659, -0.3893190026283264, 3.784062147140503, 1.50083327293396, -0.8795327544212341, 0.25328773260116577, 0.1643509864807129, 1.3189822435379028, -0.131400004029274, 1.6311047077178955, 0.3347097635269165, -0.1081242635846138, 0.5354156494140625, 0.0891435444355011, 0.19856226444244385, -0.2169560045003891, -0.4730501174926758, 0.6295247077941895, 0.8795149922370911, -0.2696356475353241, 0.035947710275650024, 0.5040856599807739, 0.16174159944057465, 0.466161847114563, 3.0945725440979004, -0.5560357570648193, 0.9759318828582764, -1.7053605318069458, -0.21182765066623688, 0.13759225606918335, 0.570819616317749, 1.453433871269226, -0.25958043336868286, 1.6040856838226318, -3.045738697052002, -0.3260541260242462, 1.7471396923065186, -2.1443138122558594, 0.18525274097919464, 0.20237140357494354, -1.0438364744186401, -0.1925627589225769, -0.1980438530445099, -1.3081783056259155, -0.033735208213329315, -1.823852300643921, 0.005936728790402412, 0.36419153213500977, 1.0636653900146484, -1.4293015003204346, -2.4205322265625, 0.5482149720191956, -0.02683667279779911, 0.47511136531829834, 0.4983087480068207, -0.8142893314361572, -0.26379385590553284, -1.5071289539337158, -0.7300063967704773, 1.544057011604309, 0.6621978282928467, -0.3357078731060028, -0.3272647559642792, 0.3498598039150238, 1.1252225637435913, -0.6240087151527405, 0.22087787091732025, -0.45455828309059143, -0.8970533013343811, 0.6137621998786926, -0.9005512595176697, -0.4437541961669922, -0.6951593160629272, -1.92689847946167, 1.0064330101013184, -2.4906158447265625, 1.4335076808929443, -1.5181846618652344, -0.2556565999984741, -5.5135111808776855, 3.0032958984375, 1.29426109790802, -0.29960018396377563, -0.3580959439277649, -2.1933040618896484, -0.21045057475566864, 0.07655659317970276, -0.1642303317785263, 1.9596449136734009, -0.04992494732141495, 0.5552664995193481, 0.8650391697883606, -1.3215410709381104, -0.506648063659668, 0.8660901784896851, -0.31160444021224976, -1.6913204193115234, -1.5224509239196777, -1.1716868877410889]"
chair 3,"[-0.959515392780304, 0.9813594818115234, -0.5924511551856995, -0.6123220920562744, 1.1636403799057007, 0.4152017831802368, 0.3445183336734772, -0.14266163110733032, 0.3307837247848511, -0.849663257598877, 0.49355360865592957, -0.2788732945919037, -0.28595590591430664, -1.5296114683151245, 0.1638367921113968, 1.763126015663147, 0.06647227704524994, -1.8262503147125244, 0.29763591289520264, -0.7318592667579651, 0.7599639296531677, 3.953775644302368, 0.3835143446922302, 0.4079684913158417, -1.778052568435669, -0.18047262728214264, 0.8124328255653381, -2.397061347961426, 0.4763670265674591, -1.5610424280166626, -0.08580054342746735, 0.8753663301467896, -0.02040758915245533, 0.1754302978515625, 0.7035614252090454, 0.1838674247264862, 1.5855950117111206, -0.5679779052734375, 2.817206859588623, -0.29527220129966736, 0.013651244342327118, -1.8045146465301514, 0.2329624593257904, -0.0069093257188797, -0.5252759456634521, -0.7470340132713318, 0.06896686553955078, 0.9361246228218079, 0.6673197746276855, 0.3503588140010834, -0.06317785382270813, -0.7832214832305908, -1.4898090362548828, -1.931046485900879, -1.2154501676559448, -0.15509235858917236, -0.9729204177856445, 0.14978373050689697, 0.16040614247322083, -0.15709048509597778, -0.9009605646133423, 0.051598068326711655, -0.22773313522338867, -2.0505123138427734, 0.006441375240683556, -0.18038560450077057, -4.14578104019165, -0.5924221873283386, 0.4081140160560608, -0.5833834409713745, 0.5532301068305969, -0.22873236238956451, -0.7695398330688477, -0.17450213432312012, 0.18516740202903748, -2.8465583324432373, -0.25656047463417053, 0.07525184005498886, -0.05823240429162979, -1.8260364532470703, -0.4209604859352112, -0.5952485203742981, -0.4453233480453491, -0.21365448832511902, 0.3812043070793152, 0.715064525604248, -0.8134673833847046, -0.2784311771392822, 0.32413917779922485, 0.18693050742149353, -1.1013495922088623, 0.021643027663230896, 0.8180209398269653, -0.3291816711425781, -0.06829531490802765, -0.5543186664581299, -0.10828281193971634, -1.6918293237686157, -0.5553934574127197, -0.29044675827026367, 1.9966988563537598, 0.5300633311271667, -1.6521810293197632, 0.41088593006134033, 0.40579432249069214, 1.7159501314163208, -0.33816027641296387, -1.1982520818710327, -2.2517144680023193, 2.0292043685913086, 0.7256771922111511, -0.7975295186042786, -0.8165026307106018, -0.666313648223877, -0.05820174515247345, -0.42899876832962036, 0.23466995358467102, 2.6922812461853027, -0.40065711736679077, 0.3803706765174866, -0.08779998123645782, -0.5013246536254883, 0.5822151899337769, -0.6790690422058105, -0.877602219581604, 0.20692867040634155, 0.11855575442314148, -0.04596107080578804]"
chair 4,"[-2.3442306518554688, 2.5533454418182373, 0.8871974349021912, -0.15414707362651825, 0.6564772725105286, 0.3781357407569885, -0.06342890858650208, 0.21810322999954224, 0.2492135465145111, 0.37650248408317566, 0.36537015438079834, 0.6692777276039124, 0.7830931544303894, 2.585434675216675, 0.4339384436607361, 1.3881330490112305, -1.618294596672058, -2.646883726119995, -0.054711539298295975, -0.7077585458755493, -0.10834059864282608, 3.8999807834625244, -1.559700846672058, 0.2136954516172409, 0.31317847967147827, 0.7064581513404846, 2.0238006114959717, 0.584843099117279, 0.5082879662513733, -0.9694685935974121, -2.302628517150879, 7.984166145324707, -0.08525848388671875, 0.9237353801727295, 0.5519005060195923, 0.7661105990409851, 0.19351625442504883, 0.8720269203186035, -1.498453974723816, 0.2601234018802643, -0.37616604566574097, -1.309852957725525, -1.3292328119277954, 0.2078436017036438, 0.25773411989212036, 2.505220413208008, 2.9130144119262695, 0.4841846227645874, -0.2229619026184082, -0.4362359344959259, 1.2616358995437622, -0.39160722494125366, -1.079485535621643, 2.320669174194336, 0.46464741230010986, -0.15129055082798004, -0.024883951991796494, -0.4040209949016571, -0.5148308873176575, -1.493016242980957, -0.86648029088974, -0.12373538315296173, -0.03198238089680672, -2.453518867492676, 1.483850359916687, 0.16142070293426514, -7.131469249725342, 2.957460403442383, 0.8562686443328857, 0.2778894305229187, -0.5599160194396973, -0.07590016722679138, 0.7134648561477661, -0.5988226532936096, -1.6426573991775513, -2.4819979667663574, 0.650438129901886, -0.32665884494781494, -1.347252607345581, 1.3545705080032349, -1.095299243927002, -0.7973661422729492, 0.04978763312101364, -0.38418063521385193, -0.6090570092201233, -0.5444225668907166, -0.3007085621356964, -0.2066756784915924, 0.7006092071533203, -0.9467127323150635, 0.3901291787624359, 0.7792158126831055, -0.1278325319290161, -0.9771845936775208, -0.9346944689750671, 0.887728214263916, -0.28376808762550354, -1.1826261281967163, -0.7103115320205688, 0.04484253004193306, 7.7945146560668945, 0.1335436999797821, -2.5517003536224365, 0.7197644114494324, 1.458975911140442, 0.1806187927722931, 1.9310004711151123, -0.9637306332588196, 4.100432872772217, 1.9353777170181274, -0.351691335439682, -0.186329185962677, 0.30117085576057434, -1.550374150276184, -1.0345516204833984, 0.9657214879989624, 1.6837167739868164, 3.609638214111328, 0.12325706332921982, -0.015237645246088505, -0.029358934611082077, 2.065683603286743, -0.5182211995124817, 0.47614535689353943, 0.2410561442375183, -0.046854663640260696, 1.2071194648742676, -0.7133006453514099]"
chair 5,"[-1.4035402536392212, -0.5923234224319458, -0.06551474332809448, 0.22213320434093475, -0.6679514050483704, 2.029139995574951, 0.10185416787862778, 0.13324682414531708, 0.9577983617782593, -0.8395239114761353, 0.6170487999916077, 0.13385048508644104, -0.05032079666852951, -0.9831078052520752, -0.48121291399002075, 1.145211935043335, -0.9324527382850647, -2.6159045696258545, -0.6904916167259216, -0.5095304846763611, -0.021258272230625153, 0.735042929649353, 0.6288154125213623, -0.07299443334341049, -1.26893949508667, 0.12244728952646255, 0.8339900970458984, -2.2374632358551025, -0.11118662357330322, -4.341982364654541, -1.2962836027145386, 1.4781570434570312, -0.24569009244441986, -0.2891924977302551, 0.7021028995513916, -0.5265353918075562, 1.6476980447769165, 0.7830011248588562, 1.6726763248443604, 0.42782291769981384, -0.7916279435157776, -0.22519885003566742, -0.734368085861206, -0.5117776989936829, 0.42527106404304504, -1.5115522146224976, 0.6917959451675415, 0.7093220353126526, 0.1414998173713684, 0.09925790876150131, -0.09099934995174408, -1.0841702222824097, -1.1177748441696167, 2.079145908355713, -1.7120614051818848, -0.4121635854244232, -0.24104999005794525, -0.28671446442604065, 0.08853226900100708, 0.7399041652679443, -0.3811555802822113, 0.12561684846878052, 0.5443389415740967, -3.8815603256225586, -0.759129524230957, 0.5281516313552856, -3.9173245429992676, 1.1597039699554443, 1.1841319799423218, 0.17295295000076294, 0.0941421240568161, 0.0973503515124321, -0.5577492713928223, 0.4137542247772217, -0.435031920671463, -2.369387149810791, 0.363410085439682, 0.4441230297088623, 0.37413471937179565, -3.297614097595215, 0.3768443167209625, -0.24068668484687805, -0.55789715051651, 0.04441959783434868, 0.3647743761539459, 0.47324174642562866, -0.45516932010650635, -0.5513211488723755, 1.675535798072815, -0.22498558461666107, -0.5414329767227173, 0.5516643524169922, -0.1626308113336563, -0.16679929196834564, -0.5172538161277771, 0.9881278872489929, -0.8992777466773987, -0.4308010935783386, 0.7548844218254089, -1.0152398347854614, 0.2929026782512665, 0.4424721896648407, -1.4257951974868774, 0.42220619320869446, -2.086331367492676, 0.540693461894989, -2.343459129333496, 0.46316730976104736, -5.555627822875977, 3.4302120208740234, 0.43881314992904663, -0.820586085319519, -0.5193459987640381, -1.7905912399291992, 1.3373833894729614, -0.38896065950393677, 0.3651835322380066, 2.7971088886260986, -0.06171981245279312, 0.4206073582172394, -1.115399718284607, 0.38475531339645386, -0.08623013645410538, 0.3853571116924286, -0.8456810116767883, -1.4478505849838257, -0.31947508454322815, -2.6483209133148193]"
